M1,M2,M3,M5,M7,M8,M10,M13,M15,M17,M19,M25,M26,M29,M45,M48,M50,M52,M53,M54,M55,M66,M70,M74,M77,M79,M80,M81,M85,M86,M87,M88,M89,M94,M95,M96,M100,M104,M105,M106,M109,M110,A1,A3,A4,A5,A6,A7,A8,A9,A10,A11,A12,A14,A15,A16,A17,A19,A21,A22,A24,A25,A27,A28,A29,A30,A31,A32,A33,A34,A36,A37,A38,A39,A40,A41,A42,A43,A44,A45,A46,A47,A48,A49,A50,A51,A52,A53,A54,A55,A56,A58,A59,A60,A61,A65,A66,A67,A68,A69,A70,A71,A72,A73,A74,A75,A76,A77,A78,A79,A80,A81,A82,A83,A84,A86,A97,A99,A101,A105,A111,A112,A115,A116,A117,A118,A119,A120,A121,A122,A123,A124,A125,A126,A127,A128,A129,A130,A131,A132,A133,A134,A135,A136,A137,A138,A139,A140,A141,A142,A143,A144,A145,A147,A148,A149,A150,A151,A152,A153,A154,A155,A157,A158,A159,A160,A161,A162,A163,A164,A165,A166,A167,A168,A169,A170,A171,A172,A177,A178,A179,A182,A184,A185,A186,A188,A190,A191,A192,A193,A194,A196,A198,A199,A200,A201,A202,A203,A205,A206,A207,A208,A209,A210,A211,A212,A213,A214,A215,A216,A218,A219,A220,A222,A223,A225,A228,A230,A234,A235,A236,A237,A238,A239,A240,A241,A242,A243,A244,A245,A246,A247,A248
12,1,4,0,38,1,1,3,2,2,3,1,16,1,1,4,2,4,5,1,10,1,0,0,2,1,0,0,1,3,7,0,0,5,1,2,1,0,0,1,0,0,1,4,0,0,1,0,0,0,1,4,0,0,2,0,1,4,2,0,1,10,0,0,0,0,0,1,0,0,2,0,1,0,0,2,0,0,0,0,0,0,0,0,0,0,0,1,0,0,0,0,0,1,0,0,1,0,0,0,0,1,0,1,0,0,1,0,0,1,0,0,0,0,0,2,0,5,0,0,0,0,0,0,0,0,0,0,0,0,0,0,0,0,0,0,0,0,0,0,0,1,0,1,0,0,0,0,0,0,0,0,0,1,0,1,0,0,0,2,1,0,117,0,0,0,0,0,0,0,0,1,0,0,0,0,0,0,0,0,0,0,1,0,0,0,0,0,0,0,1,0,0,0,0,0,0,0,0,0,0,0,1,0,0,0,0,0,0,0,0,0,0,0,0,0,0,0,0,2,3,0,0,0,0,0,0,0,0,0,0,0,0
0,0,8,0,125,6,1,0,0,0,0,2,34,0,3,2,1,1,0,0,3,1,0,0,1,6,0,0,1,1,12,0,0,21,2,2,0,0,0,0,0,0,0,3,0,0,0,0,0,1,0,2,0,0,5,0,4,4,10,6,0,1,0,0,0,0,0,3,0,0,1,0,1,0,7,2,0,0,0,0,0,1,0,2,0,1,0,0,0,1,0,1,1,3,0,0,0,0,0,0,0,1,0,16,0,0,0,0,0,0,11,1,5,5,2,7,0,0,0,0,0,0,1,5,1,1,1,0,1,0,13,0,3,0,0,0,0,2,0,0,1,0,1,0,0,4,14,0,207,0,0,1,3,0,0,1,6,0,0,3,0,0,27,0,0,0,0,0,4,0,0,0,0,0,0,0,0,0,0,0,1,0,0,3,6,11,1,0,4,0,0,0,0,0,13,0,0,5,0,0,1,0,0,0,0,0,0,0,0,1,0,1,0,0,0,0,0,0,0,0,6,2,0,7,0,0,1,0,3,0,0,0,0
5,0,6,0,79,0,0,1,1,2,1,0,13,3,5,5,7,5,3,0,14,0,0,1,0,1,2,0,0,0,11,3,1,2,0,0,0,2,0,2,0,0,0,2,0,0,0,0,0,0,0,3,0,2,4,0,0,1,4,3,0,8,1,0,0,0,1,0,2,0,0,0,1,0,0,3,0,1,0,0,0,0,0,1,1,1,1,0,0,0,0,4,0,1,1,0,1,1,0,0,0,2,0,0,0,0,3,0,0,10,0,0,0,0,0,5,0,2,0,0,0,0,0,0,0,1,1,0,0,1,1,0,1,0,0,0,0,0,0,0,0,5,0,0,0,0,0,0,0,0,0,0,0,0,0,0,0,0,0,10,2,0,211,0,0,0,0,1,1,0,1,0,2,1,0,0,0,0,0,5,1,0,2,0,0,1,0,0,0,2,0,1,0,0,2,1,1,0,0,0,2,0,0,0,0,0,0,0,0,0,0,0,0,0,0,0,0,0,0,0,5,0,0,0,0,0,0,0,1,0,0,0,0
1,0,1,0,169,4,0,0,0,0,0,1,17,0,2,6,1,4,0,0,1,0,1,0,1,7,0,0,0,1,17,0,0,25,2,1,0,3,1,0,0,0,0,5,0,2,0,0,0,1,0,0,0,0,1,0,11,3,19,22,0,3,0,0,0,7,0,1,0,0,1,0,0,0,3,0,0,0,0,0,0,0,0,0,0,5,0,0,0,0,0,0,1,4,0,0,0,0,0,0,0,0,0,10,1,0,0,1,0,1,3,0,1,1,0,0,0,0,0,0,1,1,0,1,0,1,0,0,0,0,13,1,2,0,0,0,0,1,0,0,1,0,0,0,0,3,7,0,183,0,0,0,1,0,0,0,3,0,0,6,0,0,21,0,0,0,0,1,13,0,0,0,1,0,0,0,0,0,0,0,0,0,0,1,0,19,1,0,4,1,0,0,0,0,1,0,0,3,0,0,1,0,0,0,0,0,0,0,0,4,0,0,0,0,0,0,0,1,0,0,10,0,0,4,0,0,0,0,1,0,0,0,0
11,0,1,0,55,2,3,1,0,1,4,0,0,2,4,2,8,21,3,0,8,2,2,0,2,1,2,0,0,0,7,0,0,4,0,1,0,10,0,2,0,0,0,0,0,0,1,0,0,1,0,1,0,2,3,0,1,6,7,0,0,10,0,3,1,0,1,2,2,0,3,2,2,2,0,2,0,0,2,0,0,0,1,0,0,0,0,0,1,0,1,6,0,0,1,1,1,0,0,0,0,1,0,1,0,0,0,0,0,1,0,0,0,0,0,3,0,3,0,3,0,0,0,0,0,0,1,0,0,0,0,0,1,0,0,0,0,0,0,0,0,0,0,0,1,0,1,0,1,0,0,0,0,0,0,1,0,0,0,7,2,0,114,0,1,0,0,5,2,1,0,0,1,3,0,0,0,0,0,0,0,0,0,2,0,0,0,0,0,1,0,0,0,0,0,0,0,0,0,0,0,1,1,1,0,1,0,0,0,0,0,0,0,0,0,0,0,0,0,0,5,0,0,0,0,0,0,0,0,0,0,0,0
0,1,9,0,174,9,1,0,0,0,0,1,14,0,5,2,2,5,2,0,0,3,0,0,1,8,0,0,0,0,18,0,0,27,0,1,0,1,0,0,0,1,0,6,0,4,0,0,0,1,0,3,0,1,6,0,8,9,14,14,0,0,0,0,0,0,0,3,0,0,0,0,0,1,7,3,0,0,0,0,0,0,0,1,0,1,0,0,0,1,0,2,3,7,0,0,0,0,1,0,0,0,0,19,1,0,0,1,1,1,3,1,2,3,1,0,0,0,0,0,0,0,0,3,1,2,1,0,2,0,11,0,22,1,0,0,1,0,0,0,1,0,0,0,0,1,9,0,230,0,1,0,4,0,0,0,1,0,1,4,0,0,23,0,0,0,1,0,5,0,0,0,0,0,0,1,0,0,0,0,0,0,0,1,6,10,0,0,7,1,2,0,0,0,3,0,0,1,0,1,0,1,0,0,0,0,0,0,1,6,0,0,0,0,0,0,1,0,0,0,5,1,0,1,0,0,0,1,2,1,0,1,0
2,0,3,1,109,0,5,4,2,0,4,0,3,2,3,0,3,2,5,0,5,1,0,0,1,2,4,0,2,3,9,0,1,8,1,1,0,35,0,1,0,0,0,1,0,0,4,3,1,1,0,1,0,1,0,0,0,0,5,0,0,9,1,1,0,0,1,1,0,1,2,0,0,0,0,1,0,1,1,2,1,0,0,0,0,1,0,0,0,0,1,9,0,2,0,0,0,3,0,0,0,0,0,0,0,0,0,0,1,4,0,0,0,0,0,2,0,5,0,0,0,0,0,0,0,0,0,0,0,0,2,0,4,0,0,0,0,0,0,0,0,2,0,0,0,0,0,1,0,0,0,0,0,0,0,0,0,0,0,2,3,1,218,0,1,1,0,1,0,0,0,0,0,2,0,0,0,0,0,2,0,0,0,1,0,0,0,0,0,1,1,0,0,1,2,2,0,0,0,0,1,0,0,0,0,0,1,0,0,1,0,0,0,0,0,0,0,0,0,0,2,0,0,0,0,1,0,0,0,0,1,0,0
0,0,1,0,105,4,1,0,0,0,0,0,16,0,1,0,2,2,0,0,0,1,0,0,0,3,0,0,0,0,19,0,0,29,0,3,0,8,3,0,0,0,0,2,0,0,1,0,0,0,0,0,0,0,0,0,2,7,19,6,0,3,0,0,0,0,0,0,0,0,1,0,0,0,2,1,0,0,0,0,0,0,0,0,0,0,0,0,0,0,1,1,0,4,0,0,0,0,0,0,0,0,0,4,0,0,0,0,0,2,0,0,0,1,0,1,0,0,0,0,0,0,0,0,0,1,0,0,0,0,6,0,2,0,0,0,0,0,0,0,0,0,0,0,0,0,5,0,41,0,0,0,0,0,0,0,1,1,0,1,0,0,36,0,0,0,0,0,3,1,0,0,0,0,0,0,1,0,0,0,0,0,0,0,0,16,0,0,1,0,0,1,0,0,3,0,0,5,1,1,1,0,0,0,0,0,0,0,0,1,1,0,1,0,1,0,0,0,0,0,0,0,0,2,0,0,0,0,0,0,0,0,1
5,1,4,2,28,0,4,6,2,0,0,0,5,0,2,5,1,1,5,0,6,4,0,0,2,2,3,2,2,1,10,0,1,11,2,0,0,9,0,0,0,0,2,0,1,1,0,3,2,1,0,0,1,1,3,1,0,5,3,0,0,3,0,0,0,1,1,3,2,1,4,0,0,1,1,1,0,0,0,0,0,0,0,0,0,0,1,0,0,0,1,5,0,1,0,0,0,2,0,1,1,0,0,0,0,1,0,0,0,4,1,0,2,0,0,12,1,9,0,0,0,0,0,0,1,0,0,0,0,0,1,0,1,0,0,0,0,0,1,1,0,0,1,1,0,0,0,0,0,0,0,0,0,0,0,2,0,0,0,1,0,0,111,0,1,0,0,0,0,0,0,0,1,1,0,0,0,0,1,1,0,0,0,0,0,0,0,0,0,0,0,0,1,0,3,1,0,0,0,0,0,1,1,0,0,0,0,0,0,0,0,0,0,0,0,0,0,0,0,0,3,0,0,1,0,0,0,0,0,0,0,0,0
0,0,1,0,125,4,0,0,0,0,0,0,16,0,7,0,0,3,0,0,0,3,0,0,0,4,0,0,0,0,13,0,0,15,1,0,0,2,0,0,0,0,0,5,0,4,1,0,0,1,0,0,0,1,0,0,2,1,11,5,0,3,0,0,0,2,0,1,0,0,0,0,0,0,4,3,0,0,0,0,0,0,0,0,0,0,0,0,0,1,0,0,1,5,0,0,0,0,0,0,0,0,0,8,0,0,0,0,0,1,3,1,0,0,0,2,0,0,0,0,0,0,1,0,0,0,0,0,1,0,13,0,4,0,1,1,0,0,0,0,1,0,0,0,0,0,4,0,65,0,0,0,0,0,0,0,1,0,0,1,0,0,23,0,0,0,0,1,6,1,0,0,0,0,0,0,0,1,0,0,1,0,0,1,4,6,0,0,2,0,1,2,0,0,2,0,0,6,0,1,3,0,0,0,0,0,0,0,0,0,0,0,0,2,0,0,0,0,0,0,6,0,1,2,0,0,0,0,1,0,0,0,0
0,1,6,1,49,1,6,5,0,0,0,0,6,2,5,6,2,6,1,2,18,7,2,1,7,5,1,2,2,0,17,2,1,10,0,0,0,10,1,2,1,2,0,0,0,0,0,1,0,0,0,3,0,0,0,0,0,3,3,0,0,4,1,1,1,1,0,0,1,0,0,0,1,0,1,4,1,1,0,0,0,0,0,0,0,0,1,0,1,0,0,11,0,1,1,0,0,0,0,0,0,0,0,0,0,0,1,0,1,2,0,0,0,0,0,2,0,2,1,1,1,0,0,0,0,0,0,0,0,0,1,0,0,0,0,0,0,0,0,0,0,2,0,0,0,0,1,0,0,0,0,0,0,0,0,0,0,0,0,1,1,0,203,1,0,0,0,0,4,0,0,0,1,0,0,1,0,0,0,0,1,1,1,1,1,0,0,0,0,1,0,1,1,0,0,2,0,0,0,0,0,2,2,0,1,0,0,1,0,0,0,0,0,0,0,0,0,0,0,2,5,0,0,2,0,0,0,0,0,0,0,0,0
0,0,2,0,120,5,0,0,0,0,0,0,6,0,4,0,1,3,0,0,0,4,0,0,1,1,0,0,0,0,10,0,0,17,1,0,0,2,0,0,0,0,0,2,0,1,2,0,0,0,0,2,0,0,0,0,3,7,9,2,0,2,0,0,0,0,0,2,0,0,0,0,0,0,5,0,0,0,0,0,0,0,0,0,0,2,0,0,0,1,0,2,0,5,0,0,0,0,0,0,0,0,2,3,0,0,0,0,1,0,1,1,0,0,0,1,0,0,0,0,1,0,0,0,1,0,0,1,0,0,10,0,0,0,0,0,0,1,0,0,0,0,0,0,0,0,12,0,55,1,0,0,0,0,1,0,7,0,0,1,0,0,12,0,0,0,0,0,4,0,0,0,0,0,1,0,1,0,0,0,3,0,0,0,0,2,0,2,5,0,1,0,0,0,4,0,0,13,0,0,1,1,0,0,0,0,0,0,0,2,1,0,0,0,0,1,0,0,1,0,4,0,0,3,1,0,0,0,1,0,0,0,0
